商品名※必須,slug※必須,カテゴリ,サブカテゴリ,サイズ,価格※必須,ステータス,説明,並び順,画像URL,キャッチコピー,フリガナ,都道府県,市区町村,アレルギー（表示義務）,アレルギー（表示推奨）,アレルギー備考,期限種別,期限日数（日）,保管温度帯,JANコード,ケース入数,ケース入数単位,最小ロット,最小ロット単位,サンプル対応,内容量,商品タグ,対応可能数量（最大）,リードタイム,関連URL,サプライヤーID,大カテゴリ,中カテゴリ,小カテゴリ,商品コンセプト,利用シーン・おすすめ,食品表示画像,最大ロット単位,発注ケースサイズ縦 (cm),発注ケースサイズ横 (cm),発注ケースサイズ高さ (cm),発注ケース重量 (kg),国外輸出可否,販売形態,WEBサイト販売,提供可能時期,バイヤーへのメッセージ,販促ツール,関連商品ID,商品動画URL,販売事業者名,サプライヤーメール,インボイス対応,国名,価格種別,販売単位
チキンボールスープカレー,チキンボールスープカレー-1,加工食品,レトルト・保存食,,0,published,"ふんわり食感のチキンボールに、スパイス香るスープを合わせた食べやすいスープカレー。
比内地鶏の旨みがスープに広がり、やさしい味わいながらも満足感のある一皿です。",8,https://drive.google.com/file/d/1tEkytz4LELw6bgxZ3sCCeeAlzK2uZ85t/view?usp=drive_link;https://drive.google.com/file/d/11snF0QwS-XbJKMiC_QGr5NfGUjDgrS_F/view?usp=drive_link,ふんわりチキンボールに、スパイス香る濃厚スープ。 食べやすくて満足できる、やさしいごちそうスープカレー。,チキンボールスープカレー,秋田県,秋田市,,鶏肉,,賞味期限,365,常温,,40,個,1,ケース,対応可能,200ｇ,"砂糖不使用, 着色料不使用, 保存料不使用, 国産原料, 手作り, 新商品",,5～14日,,fd27be64-9a52-4595-b546-b3cc0b6f37db,加工食品,レトルト・保存食,レトルトスープカレー,,,https://drive.google.com/file/d/1ydODO6lROeSc1sUEHAjEXT2dr395Y-EL/view?usp=drive_link,,,,,,,小売用,自社サイトで販売中,,"SoupCurryGaneshより、
「チキンボールスープカレー」をご提案いたします。

ふんわり食感のチキンボールと、スパイス香るスープを合わせた、食べやすく満足感のあるスープカレーです。

お子さまから大人まで楽しみやすく、電子レンジで手軽に専門店の味を楽しめるため、日常使いできる惣菜としておすすめです。

食品売場の新しい一品として、ぜひお取り扱いをご検討いただけますと幸いです。",,,,Soup Curry Ganesh,ganesh.soupcurry@gmail.com,TRUE,,オープン,
グリルチキンスープカレー,グリルチキンスープカレー-1,加工食品,レトルト・保存食,,0,published,"香ばしく焼き上げたグリルチキンと、比内地鶏仕込みの濃厚スープ。
スパイスの香りと野菜の彩りを、電子レンジで手軽に楽しめる本格スープカレーです。",6,https://drive.google.com/file/d/1pNbBuFJl9j03Q6usz1iZZZbNG8UZpEb1/view?usp=drive_link;https://drive.google.com/file/d/1X73rximi4EnSh6Id7fbM52hZshb0JuF8/view?usp=drive_link,香ばしく焼き上げたチキンに、比内地鶏仕込みの濃厚スープ。,グリルチキンスープカレー,秋田県,秋田市,,鶏肉,,賞味期限,365,常温,,40,個,1,ケース,対応可能,200ｇ,"グルテンフリー, 砂糖不使用, 着色料不使用, 保存料不使用, 手作り, 新商品",,5～14日,,fd27be64-9a52-4595-b546-b3cc0b6f37db,加工食品,レトルト・保存食,レトルトスープカレー,,,https://drive.google.com/file/d/1dw4uFlh82nbh8T7DTVUvFzmUgoUQ4818/view?usp=drive_link,,,,,,不可,小売用,自社サイトで販売中,,"SoupCurryGaneshの人気メニューを商品化した
「グリルチキンスープカレー」をご提案いたします。

香ばしく焼き上げたチキンと、比内地鶏仕込みの濃厚スープを合わせた、専門店ならではの本格スープカレーです。

電子レンジで手軽に楽しめる満足感があり、ご当地グルメ売場にも展開しやすい商品です。

秋田発のスープカレー専門店が作る、こだわりのスープカレーとして、ぜひお取り扱いをご検討いただけますと幸いです。",,,,Soup Curry Ganesh,ganesh.soupcurry@gmail.com,TRUE,,オープン,
鶏ひき肉とお豆スープカレー,鶏ひき肉とお豆スープカレー-1,加工食品,レトルト・保存食,,0,published,"鶏ひき肉の旨みと、お豆のほくほく食感を合わせた、やさしい味わいのスープカレー。
軽やかに食べられるのに満足感があり、日々の食事にも取り入れやすい一皿です。",7,https://drive.google.com/file/d/1Hu1whMzlC-AFCZOBzjZQlEXhJC-7pwzp/view?usp=drive_link;https://drive.google.com/file/d/1-46tZYGXfMUaDnRBs4hOZeHbI4H3gOlt/view?usp=drive_link,ほろっと鶏ひき肉、ほくほくお豆。 やさしい旨みが広がる、からだ想いのスープカレー。,トリヒキニクトオマメスープカレー,秋田県,秋田市,,鶏肉,,賞味期限,365,常温,,40,個,1,ケース,対応可能,200ｇ,"砂糖不使用, 着色料不使用, 保存料不使用, 国産原料, 手作り, 新商品",,5～14日,,fd27be64-9a52-4595-b546-b3cc0b6f37db,加工食品,レトルト・保存食,,,,https://drive.google.com/file/d/1eqaI72cCDoWmmigJL6W6Oq4npMMgr0ZX/view?usp=drive_link,,,,,,,小売用,自社サイトで販売中,,"SoupCurryGaneshより、
「鶏ひき肉とお豆のスープカレー」をご提案いたします。

鶏ひき肉の旨みと、お豆のほくほく食感を合わせた、やさしく食べやすいスープカレーです。

電子レンジで手軽に楽しめるため、忙しい日の食事や、健康感のある惣菜をお探しのお客様にもおすすめしやすい商品です。

日常使いしやすい専門店品質のスープカレーとして、ぜひお取り扱いをご検討いただけますと幸いです。",,,,Soup Curry Ganesh,ganesh.soupcurry@gmail.com,TRUE,,オープン,
しいたけ屋が本気でうなった旨だしつゆ,しいたけ屋が本気でうなった旨だしつゆ-1,,,,0,published,大分県産原木乾椎茸、鰹、昆布でだしをとり、こだわりの濃口醤油をベースにした万能だしつゆです。第15回調味料選手権で地域の味ベスト賞を受賞しました。,2,,,,,,,,,賞味期限,365,常温,,,,,,,,,,3営業日,,48946663-090e-4bd9-8cef-949b2ffd6e76,,,,,,,,,,,,,,,,,,,,茂里商店,mori@mori-shouten.co.jp,,,オープン,
大分県産うまみ冬50g,大分県産うまみ冬50g-1,,,,0,published,,13,,,,,,,,,賞味期限,365,常温,,30,個,1,ケース,,,,,3営業日,,48946663-090e-4bd9-8cef-949b2ffd6e76,,,,,,,,,,,,,,,,,,,,茂里商店,mori@mori-shouten.co.jp,,,オープン,
椎茸かぼす塩,椎茸かぼす塩-1,,,,0,published,全国乾椎茸品評会で20年連続団体優勝を誇る大分県の主産地、豊後大野市乾椎茸の傘の部分を粉末にし、大分名産のかぼすとコラボした万能調味料です。料理の仕上げや、肉・魚料理・サラダ・天ぷらの付け塩など、様々な料理にご使用ください。,6,,,,,,,,,賞味期限,365,常温,,30,個,1,ケース,,,,,3営業日,,48946663-090e-4bd9-8cef-949b2ffd6e76,,,,,,,,,,,,,,,,,,,,茂里商店,mori@mori-shouten.co.jp,,,オープン,
椎茸かぼすペッパー,椎茸かぼすペッパー-1,,,,0,published,全国乾椎茸品評会で20年連続団体優勝を誇る大分県の主産地、豊後大野市乾椎茸の傘の部分を粉末にし、大分名産のかぼすとコラボした万能調味料です。料理の仕上げや、肉・魚料理・サラダ・天ぷらの付け塩など、様々な料理にご使用ください。,7,,,,,,,,,賞味期限,365,常温,,30,個,1,ケース,,,,,3営業日,,48946663-090e-4bd9-8cef-949b2ffd6e76,,,,,,,,,,,,,,,,,,,,茂里商店,mori@mori-shouten.co.jp,,,オープン,
しいたけ農家のクリームパスタソース,しいたけ農家のクリームパスタソース-1,,,,0,published,ブランド椎茸「うまみだけ」を使用したパスタソース。しいたけの旨味とチーズのコクがパスタに絡む濃厚豆乳仕立てのクリームパスタソースに仕上げました。,11,,,,,,,,,賞味期限,540,常温,,30,個,1,ケース,,,,,3営業日,,48946663-090e-4bd9-8cef-949b2ffd6e76,,,,,,,,,,,,,,,,,,,,茂里商店,mori@mori-shouten.co.jp,,,オープン,
万能椎茸だし,万能椎茸だし-1,,,,0,published,調味料選手権２０１８で審査員特別賞　『イイ味覚賞』を受賞。,8,,,,,,,,,賞味期限,365,常温,,50,個,1,ケース,,,,,3営業日,,48946663-090e-4bd9-8cef-949b2ffd6e76,,,,,,,,,,,,,,,,,,,,茂里商店,mori@mori-shouten.co.jp,,,オープン,
香ばしいUMAMI椎茸パウダー,香ばしいumami椎茸パウダー-1,,,,0,published,日本一の生産量と品質を誇る大分県産原木椎茸の実の部分だけを贅沢に使用。個包装で、使う分だけ振りかけられます。汁物や麺類、煮物のお出汁、「すぐ食べられるダシ」として野菜サラダや冷や奴、炒め物、酢の物にそのまま振りかけても美味しく召し上がれます。,9,,,,,,,,,賞味期限,365,常温,,30,個,1,ケース,,,,,3営業日,,48946663-090e-4bd9-8cef-949b2ffd6e76,,,,,,,,,,,,,,,,,,,,茂里商店,mori@mori-shouten.co.jp,,,オープン,
激辛い函館カレー,激辛い函館カレー-1,,,,0,published,,33,,,,,,,,,賞味期限,730,,,,,,,,,,,,,d36c4392-db61-4052-be84-69a1e25f1fc0,,,,,,,,,,,,,,,,,,,,株式会社五島軒,m-kondo@gotoken.hakodate.jp,,,オープン,
椎茸と玉ねぎのドレッシング,椎茸と玉ねぎのドレッシング-1,,,,0,published,国産の菜種油に大分県産しいたけの旨みと歯ごたえ、ざく切り玉ねぎのシャキッとした食感、甜 菜糖のまろやかな甘みが絶妙なハーモニーを奏でます。化学調味料不使用で子供から大人ま で美味しく召し上がっていただけるドレッシングです。,3,,,,,,,,,賞味期限,365,常温,,,,,,,,,,3営業日,,48946663-090e-4bd9-8cef-949b2ffd6e76,,,,,,,,,,,,,,,,,,,,茂里商店,mori@mori-shouten.co.jp,,,オープン,
函館港町カレー,函館港町カレー-1,,,,0,published,,24,,,,,,,,,賞味期限,730,,,,,,,,,,,,,d36c4392-db61-4052-be84-69a1e25f1fc0,,,,,,,,,,,,,,,,,,,,株式会社五島軒,m-kondo@gotoken.hakodate.jp,,,オープン,
五島軒ハヤシビーフ,五島軒ハヤシビーフ-1,,,,0,published,,27,,,,,,,,,賞味期限,730,,,,,,,,,,,,,d36c4392-db61-4052-be84-69a1e25f1fc0,,,,,,,,,,,,,,,,,,,,株式会社五島軒,m-kondo@gotoken.hakodate.jp,,,オープン,
函館カレー辛口,函館カレー辛口-1,,,,0,published,,20,,,,,,,,,賞味期限,730,,,,,,,,,,,,,d36c4392-db61-4052-be84-69a1e25f1fc0,,,,,,,,,,,,,,,,,,,,株式会社五島軒,m-kondo@gotoken.hakodate.jp,,,オープン,
イギリス風カレー,イギリス風カレー-1,,,,0,published,,21,,,,,,,,,賞味期限,730,,,,,,,,,,,,,d36c4392-db61-4052-be84-69a1e25f1fc0,,,,,,,,,,,,,,,,,,,,株式会社五島軒,m-kondo@gotoken.hakodate.jp,,,オープン,
大分県産不揃い40g,大分県産不揃い40g-1,,,,0,published,,14,,,,,,,,,賞味期限,365,常温,,30,個,1,ケース,,,,,3営業日,,48946663-090e-4bd9-8cef-949b2ffd6e76,,,,,,,,,,,,,,,,,,,,茂里商店,mori@mori-shouten.co.jp,,,オープン,
大分県産椎茸袋詰120g,大分県産袋詰120g-1,,,,0,published,,40,https://mvedkgtujsuctaemfnij.supabase.co/storage/v1/object/public/products/500f568e-b4a3-4a64-9afd-03b40bc98423/1778426188691-6ma8rn.jpeg;https://mvedkgtujsuctaemfnij.supabase.co/storage/v1/object/public/products/500f568e-b4a3-4a64-9afd-03b40bc98423/1778426198676-j7qdk7.jpeg,,,,,,,,,,,,,,,,,,,,,,,,,,,,,,,,,,,,,,,,,,,,,,,
ほろ酔いカレー　ビーフ,ほろ酔いカレー-ビーフ-1,加工食品,レトルト・保存食,,832,published,"割烹旅館立よしの甲州ワイン「ほろ酔いカレー」です。弊社独自の製法で、ワインのアルコール分を残し芳醇な香りを楽しめる「ワインカレー」を作りました。ワインの持つ芳醇な香りやコクを存分に感じることができる「本物のワインカレー」
それが「ほろ酔いカレー」なのです。",33,,甲州ワインの風味が味わえるカレー,ホロヨイカレービーフ,山梨県,富士川町,"小麦, 乳","牛肉, 大豆",,賞味期限,360,常温,,24,個,2,ケース,対応可能,180g,"こだわり製法, 職人仕上げ",,５営業日,,4d2fa24f-0982-4e62-922b-faaae1034106,加工食品,レトルト・保存食,カレー,,,,,,,,,相談可,小売・業務用,自社サイトで販売中,通年,世界的に有名な甲州ワインの風味を存分に味わえるカレーです。,,,,割烹立よし株式会社,tsuji@tatuyoshi.jp,TRUE,,,
よこすか海軍カレー,よこすか海軍カレー-1,加工食品,レトルト・保存食,,485,published,明治41年の海軍割烹術参考書の「カレイライス」レシピをもとに食べやすく復元。牛肉、野菜の入った懐かしい味が特徴です。,16,https://drive.google.com/file/d/1Xf1wRzr791phCpRM3MtHaV_wkWjLcMt4/view?usp=drive_link,これぞヨコスカの味！ビーフとゴロっと野菜がたっぷり入った『よこすか海軍カレー』,ヨコスカカイグンカレー,大阪府,泉南市,"小麦, 乳","牛肉, 大豆, 豚肉, りんご",本品の製造工場では、えび、かに、卵、落下生、くるみを含む製品を製造しています。j,賞味期限,730,常温,,40,個,3,ケース,要相談,200ｇ,,,3営業日,,0897e295-ca16-4a8c-9567-92f86a88eea5,加工食品,レトルト・保存食,,,,,,,,,,,小売用,,,,,,,株式会社ヤチヨ,yorder@yachiyo-gr.com,TRUE,,,
ほぐし飯の素　さばめし,ほぐし飯の素-さばめし-1,加工食品,レトルト・保存食,,1111,published,身のふっくらしたさばを使った贅沢なほぐし飯です。骨などもお気になさらずほぐして混ぜて、そのままお召し上がりいただけます。さばの栄養価は抜群と言われていて、DHAは脳や神経の機能活性化に良いとされ、EPAは血液をサラサラにする働きが期待されている成分です。この機会にぜひ、さばめしで割烹立よしの味をお楽しみください。,25,,焼津冷蔵こだわりのさばを使用した炊き込みご飯,ホグシメシノモトサバメシ,山梨県,富士川町,小麦,"ごま, 大豆",,賞味期限,150,常温,,18,個,2,ケース,対応可能,具 + だし汁350ml /袋,"こだわり製法, 職人仕上げ",,５営業日,,4d2fa24f-0982-4e62-922b-faaae1034106,加工食品,レトルト・保存食,炊き込みご飯の素,,お子様のいるご家庭、キャンプ飯,,,,,,,不可,小売・業務用,自社サイトで販売中,通年,ご家庭の炊飯器で簡単に料亭の味が味わえます。素材の姿が丸々炊き上がる見た目も楽しい炊き込みご飯の素です。,,,,割烹立よし株式会社,tsuji@tatuyoshi.jp,TRUE,,,
横須賀海自カレー 試験艦あすかカレー,横須賀海自カレー-試験艦あすかカレー-1,加工食品,レトルト・保存食,,600,published,"自衛隊の協力のもと、各艦の給養員長から提供していただいたレシピを地元のカレー店が忠実に再現した「横須賀海上自衛隊カレー」。
『試験艦あすか』カレーはウッドアイランドカレーレストラン様のレシピを参考に開発したコク深く、パンチの効いたポークカレーです。
海上自衛隊で実際に食べられているカレーと同じ味を、ぜひお楽しみください。",11,https://drive.google.com/file/d/1L2Hr6DoOSBHWMumFqrobPZFx_GcXVwoI/view?usp=drive_link,自衛隊の協力のもと、各艦の給養員長から提供していただいたレシピを地元のカレー店が忠実に再現した「横須賀海上自衛隊カレー」。,ヨコスカカイジカレーシケンカンアスカカレー,神奈川県,横須賀市,"小麦, 乳","牛肉, 大豆, 鶏肉, 豚肉, もも, りんご",,賞味期限,730,常温,,40,個,2,ケース,対応可能,,,,3営業日,,c0204dcb-ed2c-4fdb-bad5-2b7ad917d128,加工食品,レトルト・保存食,,,,https://drive.google.com/file/d/1TaHKGRCbhP4nZiw4Pj1Hb6n1beL-tsfZ/view?usp=drive_link,,,,,,相談可,,自社サイトで販売中,,自衛隊の協力のもと、各艦の給養員長から提供していただいたレシピを地元のカレー店が忠実に再現した「横須賀海上自衛隊カレー」。,,,,株式会社調味商事,mina-kawasaki@choumi.jp,TRUE,,,
米沢牛 ビーフカレー,米沢牛-ビーフカレー-1,加工食品,レトルト・保存食,,1300,published,"最高の素材を手間暇を惜しまず作り上げた味自慢のカレー！
寒暖の差が激しい置賜盆地特有の気候と、最上川流域の肥沃な土地が育んだ米沢牛は日本三大和牛とも称され、霜降りと称される脂のり、肉質のきめ細やかさ、風味のまろやかさが特徴です。
本品は、カレーに最適な米沢牛の赤身の部位を選び、自社ブレンドのスパイスと２日間かけて作ったフォン・ド・ヴォーで柔らかく煮込みました。
",35,https://drive.google.com/file/d/1Pa-sVTnrFoBukQrT6wWREn4Xm4VOMBcN/view?usp=drive_link;https://drive.google.com/file/d/1kLm2qyjIkySEHeKuga0wgnDbMah02n4s/view?usp=drive_link;https://drive.google.com/file/d/1V7s5AWk_E3NDLq24qfv6PcMhi2nmv6hH/view?usp=drive_link;https://drive.google.com/file/d/1lxvHnuzHh1j1Yk9cLY12K4-qIA3Vru83/view?usp=drive_link;https://drive.google.com/file/d/1wZBr5O-YIiBwPSbkx8_ffG8e-rQGycnn/view?usp=drive_link,最高の素材を手間暇を惜しまず作り上げた味自慢のカレー！,ヨネザワギュウビーフカレー,山形県,米沢市,"小麦, 乳","牛肉, 大豆, 鶏肉, バナナ, 豚肉, りんご, ゼラチン",,賞味期限,365,常温,,50,個,1,ケース,対応可能,200g,"こだわり製法, 手作り, ギフト対応, まとめ買い対応, ふるさと納税返礼品",,5営業日,,9c49f8cd-3ae7-4472-80a3-c18884ba3dfa,加工食品,レトルト・保存食,カレー,"山形県を代表するブランド和牛「米沢牛」の旨みを、手軽に味わえるレトルトカレーとして表現した商品です。
素材の良さを活かすため、牛肉は存在感のあるカットで仕上げ、じっくり煮込むことで深いコクとやわらかさを引き出しています。

“ご当地の本格的な味を、いつでもどこでも楽しめる”ことをコンセプトに、旅行土産や贈答品としても満足いただける品質を目指しました。
日常の食事はもちろん、特別感のある食卓やギフトシーンにも対応できる一品です。","ご自宅での手軽な食事はもちろん、少し贅沢を楽しみたい日の夕食や、来客時のおもてなしメニューとしてもおすすめです。
また、常温保存が可能なため、アウトドアやキャンプ、非常食としての備蓄用途にも適しています。

温めるだけで本格的な味わいが楽しめるため、忙しい日のランチや単身世帯のストック食品としても便利です。
ご飯にかけるだけでなく、パンやナンと合わせても相性が良く、アレンジ次第で幅広い食べ方が可能です。",https://drive.google.com/file/d/10e0pqyPciLmhE19HEqVfTUEJBU0LKsjd/view?usp=drive_link,,29,38,29,12.5,相談可,小売・業務用,自社サイトで販売中,通年,"山形県米沢のブランド牛「米沢牛」を使用した、贅沢感のあるレトルトビーフカレーです。
レトルトながら肉の旨みとコクがしっかり感じられ、一般的な業務用カレーとの差別化ができる商品です。

高級感がありながら常温保存可能なため、ホテル・旅館の売店、道の駅、観光施設の土産売場などで特に相性が良い商品です。
また「ご当地グルメ」「山形・東北フェア」などの企画商品としても展開しやすく、セット販売やギフト需要にも対応できます。

“少し特別なレトルトカレー”として、客単価アップや売場の付加価値向上に貢献できる一品です。",,,,株式会社タスクフーズ,s.monma@koi-miyasaka.com,TRUE,,,
ほろ酔いカレー　チキン,ほろ酔いカレー-チキン-1,加工食品,レトルト・保存食,,832,published,"割烹旅館立よしの甲州ワイン「ほろ酔いカレー」です。弊社独自の製法で、ワインのアルコール分を残し芳醇な香りを楽しめる「ワインカレー」を作りました。ワインの持つ芳醇な香りやコクを存分に感じることができる「本物のワインカレー」
それが「ほろ酔いカレー」なのです。",34,,甲州ワインの風味を存分に味わえるカレー,ホロヨイカレーチキン,山梨県,富士川町,"小麦, 乳","大豆, 鶏肉",,賞味期限,360,常温,,24,個,2,ケース,対応可能,180g,"こだわり製法, 職人仕上げ",,５営業日,,4d2fa24f-0982-4e62-922b-faaae1034106,加工食品,レトルト・保存食,カレー,,,,,,,,,相談可,小売・業務用,自社サイトで販売中,通年,世界的に有名な甲州ワインの風味を存分に味わえるカレーです,,,,割烹立よし株式会社,tsuji@tatuyoshi.jp,TRUE,,,
山形県産黒毛和牛極旨牛すき丼の素,山形県産黒毛和牛極旨牛すき丼の素-1,加工食品,惣菜・煮物,,650,published,"山形県産黒毛和牛を創業170余年煮炊きの老舗「みやさかや」の熟練の職人が丁寧に炊き上げた逸品です。
　山形県産黒毛和牛の切り落としを弊社のこだわりのタレで炊き上げました。タレには山形県高畠町のブランドワイン「高畠ワイン」を使用し、味に深みを出すなど副素材においても地場山形の素材を使う事にこだわりました。
化学調味料や着色料を使用せずに仕上げているため安心してお召上がり頂けます。また、湯煎してすぐにお召し上がり頂ける手間いらずの簡単調理の一品です。
●レンジ対応で簡単便利
●湯煎も可能",40,https://drive.google.com/file/d/13CELFJrJo8A59HsdOhFC3I0m-NAWv8B4/view?usp=drive_link;https://drive.google.com/file/d/1J8Ifx6iFu9NVl5nOdpwGGZ4TFBES4xe3/view?usp=drive_link;https://drive.google.com/file/d/1bd_XD9Zftr7gu-sIulWxkPfDIPwEnpR5/view?usp=drive_link;https://drive.google.com/file/d/1HFooue9HmQHiEbdApu1UvvYkYeDEjEI0/view?usp=drive_link;https://drive.google.com/file/d/1ihroPf-Y4jUFg0PuodJm44ZHHEZbbWn6/view?usp=drive_link,創業170余年煮炊きの老舗 熟練の職人が丁寧に炊き上げた逸品,ヤマガタケンサンクロゲワギュウゴクウマギュウスキドンノモト,山形県,米沢市,"小麦, 乳","牛肉, 大豆, りんご",本製品の製造ラインでは、えび、かに、小麦、そば、卵、乳、いか、牛肉、ごま、さけ、さば、大豆、鶏肉、バナナ、豚肉、りんご、ゼラチンを含む製品を生産しています。,賞味期限,60,冷蔵,,50,個,50,個,対応可能,130ｇ,"無添加, 国産原料, こだわり製法, 手作り, 職人仕上げ, ギフト対応, まとめ買い対応, ふるさと納税返礼品",,５営業日以内,,9c49f8cd-3ae7-4472-80a3-c18884ba3dfa,加工食品,惣菜・煮物,牛丼の具,"本商品は、「手軽に食べられる中でも、素材の良さと満足感をしっかり感じられる牛丼」をコンセプトに開発しました。日常使いはもちろん、少し贅沢をしたい食事シーンにも対応できるよう、味のバランスと食べやすさに重点を置いています。

使用する牛肉は、赤身と脂身のバランスが良い部位を選定し、肉本来の旨みを活かしながら、重たくなりすぎない味わいに仕上げています。また、下茹で処理を行うことで余分な脂やアクを丁寧に取り除き、最後まで飽きのこないすっきりとした後味を実現しています。

たれには本醸造醤油を使用し、醤油本来のコクとまろやかな旨みを活かした味設計としています。さらに、高畠ワイナリーの赤ワインを隠し味として加えることで、奥行きのある香りと自然な甘みを引き出し、家庭調理では出しにくい深みのある味わいに仕上げています。

地域の素材や製造技術の強みを活かしながら、「普段使いできる本格的な味わい」を目指した商品として開発しており、冷蔵商品として手軽さと品質の両立を追求しています。","本商品は、日常の食事から少し特別な食卓まで幅広いシーンでご利用いただけます。

ご家庭では、忙しい日の時短メニューとしてはもちろん、「今日は少し贅沢をしたい」といった日のメイン料理としても最適です。冷蔵商品ならではの手軽さにより、レンジ調理で短時間で本格的な味わいを楽しめます。

また、単身世帯や共働き世帯のストック惣菜としても利便性が高く、必要な時にすぐ使える一品として重宝されます。

ギフト用途としては、産直ギフトや季節の贈答品、ECサイトでのまとめ買い商品としても相性が良く、「手軽さと少しの贅沢」を兼ね備えた商品として幅広いニーズに対応可能です。",https://drive.google.com/file/d/1UiXjXfBnNxDytjXz2IVHawoEjE4-Uvq2/view?usp=drive_link,,28,38,29,7.5,相談可,小売用,自社サイトで販売中,通年,"本商品は、山形県産黒毛和牛を使用した、素材の品質と味わいにこだわった冷蔵牛丼です。赤身と脂身のバランスを考えた部位を使用することで、濃厚な旨みと食べやすさを両立し、幅広い年代のお客様にご満足いただける仕上がりとなっております。

たれには本醸造醤油を使用し、醤油本来のまろやかな旨みとコクを活かした味付けに仕上げています。さらに、高畠ワイナリーの赤ワインを隠し味に加えることで、香りと奥行きのある味わいを実現しています。

牛肉は下茹で処理により余分な脂やアクを丁寧に取り除き、最後まで飽きのこないすっきりとした味わいに仕上げています。

冷蔵商品の特性上、賞味期限は短めとなりますが、その分、ギフトや産直、EC販売において「届いてすぐ食べる特別感」を訴求できる商品となっております。
",,,,株式会社タスクフーズ,s.monma@koi-miyasaka.com,TRUE,,,
牡蠣の佃煮,牡蠣の佃煮-1,加工食品,レトルト・保存食,,900,published,広島県産のかきを醤油ベースのタレで炊き、甘辛い佃煮に仕上げました。いつでもお手軽に広島かきの風味豊かで濃厚な味わ いをお楽しみいただけます。ご飯のお供や酒の肴にご利用ください。,57,https://drive.google.com/file/d/1LHONedPD_CVUI6tE9P7YmNqYcT_EKtfI/view?usp=drive_link,広島県産のかきを醤油ベースのタレで炊き、甘辛い佃煮に仕上げました。,カキノツクダニ,山口県,岩国市,小麦,"ごま, 大豆",,賞味期限,180,常温,,20,個,20,個,対応可能,75g/p,国産原料,,２営業日,,031d73dc-fc99-46cf-a199-ea598bb3d361,加工食品,レトルト・保存食,,,,https://drive.google.com/file/d/1sVV067oTkgQ0AgbvwUneXD6vsdeU-czG/view?usp=drive_link,,,,,,相談可,,,,,,,,広島県漁業協同組合連合会,chokuhan@hs-gyoren.jp,TRUE,,,
ころころチキンキーマカレー,ころころチキンキーマカレー-1,加工食品,レトルト・保存食,,809,published,"粗挽きした岡山県産親鳥肉をたっぷり使って旨味を引出したスパイシーなキーマカレーです。（中辛）】
・厳選した食材は着色料・香料を使用していません。       
・自家調合したスパイスとハーブで仕立てた工場長自信のスパイスカレーです。    
・ホットサンド、クスクスやナン等など色々なアレンジが楽しめます。",4,,岡山県産親鳥と独自のスパイス調合のキーマカレーです。,コロコロチキンキーマカレー,岡山県,新見市,"小麦, 乳","大豆, バナナ, 豚肉",本品製造ラインでは乳成分、小麦、落花生、えび、かに、牛肉、鶏肉、豚肉、ゼラチン、大豆、やまいも、バナナ、もも、ごま、りんご、いか、さけ、さばを含む製品を製造しています。,賞味期限,730,常温,,30,個,2,ケース,要相談,180ｇ,"国産原料, こだわり製法",,3営業日,,46f40ee0-5e7c-43ee-be33-09c0f150b91c,加工食品,レトルト・保存食,レトルトカレー,,,,,,,,,相談可,,他社サイトで販売中,,,,,,（株）哲多すずらん食品加工,info@t-suzuran.com,TRUE,,,
AWAODORILAB 阿波尾鶏グリーンカレー,awaodorilab-阿波尾鶏グリーンカレー-1,加工食品,レトルト・保存食,,600,published,"徳島県産地鶏・阿波尾鶏の旨みやスパイスの刺激的な辛み、
ココナッツミルクのまろやかな味わいを楽しめるタイの伝統的なカレーです。ごはんの他、ナンやパンと一緒にディップして召し上がることも出来ます。ビーフンやライスヌードルと一緒に、スープとしても楽しんでいただけます。
（沸騰したお湯で約5分温めてお召し上がり下さい）",52,,徳島県産地鶏・阿波尾鶏の旨みやスパイスの刺激的な辛み、ココナッツミルクのまろやかな味わいを楽しめるタイの伝統的なカレーです。,アワオドリラボワアワオドリグリーンカレー,佐賀県,唐津市,"えび, 乳",鶏肉,,賞味期限,545,常温,,30,P,1,ケース,対応可能,180g,"国産原料, ふるさと納税返礼品",,2～3営業日,,479dad53-3d24-49b4-8bb1-1ed2ba05b584,加工食品,レトルト・保存食,カレー,,土産、ギフト、飲食店,,,32.5,27,12.5,5.4,不可,小売・業務用,自社サイトで販売中,通年,徳島地鶏「阿波尾鶏」を使用した地域色のあるカレーです。阿波尾鶏は地鶏出荷量26年連続1位。適度な歯ごたえと旨みがあり、多くの居酒屋やレストランでも使用されている日本で一番食べられている地鶏です。土産やギフト用になります。,,,,株式会社丸本,miyashige.fumi@malmoto.co.jp,TRUE,,,
大山どりのチキンジャーキー,大山どりのチキンジャーキー-1,加工食品,畜産・肉,,600,published,鳥取県産銘柄鳥「大山どり」のムネ肉を厚くスライス。塩と黒胡椒のみだけで味付けし乾燥させたジャーキーです。大山どり本来の美味しさを味わえるようシンプルに仕上げました。特徴的なのは、原材料が前記の3点のみで、うま味調味料や保存料等は一切不使用。そして、発色剤、旨味調味料など添加物を加えずに作っているため自然な濃い目の色合いで、また、賞味期限を伸ばすため乾燥度合いを強めにしてあるため、適度な歯ごたえもお感じいただけます。口に運んだ瞬間から分かりやすい味というよりも、噛めば噛むほど味わいが徐々に感じられ、自然に1切れ1切れと食がすすむ一品です。,46,,うま味調味料不使用。原材料は【鶏肉・塩・こしょう】のシンプルな素材,ダイセンドリノチキンジャーキー,鳥取県,倉吉市,,鶏肉,,賞味期限,180,常温,,30,個,1,ケース,対応可能,30g,"無添加, 保存料不使用",,3営業日,,deeaa6a8-914e-4953-8525-dc3b726c5d4b,加工食品,畜産・肉,ジャーキー,鳥取県産銘柄鳥「大山どり」のムネ肉を厚くスライス。塩と黒胡椒のみだけで味付けし乾燥させたジャーキーです。大山どり本来の美味しさを味わえるようシンプルに仕上げました。特徴的なのは、原材料が前記の3点のみで、うま味調味料や保存料等は一切不使用。そして、発色剤など添加物を加えずに作っているため自然な濃い目の色合いで、また、賞味期限を伸ばすため乾燥度合いを強めにしてあるため、適度な歯ごたえもお感じいただけます。口に運んだ瞬間から分かりやすい味というよりも、噛めば噛むほど味わいが徐々に感じられ、自然に1切れ1切れと食がすすむ一品です。,手土産、自分用、身近な人への贈り物、ご家庭や屋外(キャンプ等)でのお酒のおつまみに。居酒屋やBarなどで,,,23.5,37.5,16,15.7,不可,小売・業務用,自社サイトで販売中,通年,原料は、【鶏肉・塩・こしょう】のみのシンプルな素材。大山どりそのものの旨味を最大限に活かした味付けにこだわりました。素材にこだわる自然派のお店にもおすすめ。お酒のおつまみとしてはもちろん、居酒屋やバーのスナックとしてもおすすめです。,,,,株式会社やまのおかげ屋,order@yamanookageya.jp,TRUE,,,
天空キッチン 猪豚キーマカレートマト風味,天空キッチン-猪豚キーマカレートマト風味-1,加工食品,レトルト・保存食,,700,published,天空の秘境で育ったコクと甘みのある『いのぶた』。上野村産、胃にトマトのさわやかさが特徴のスパイスが効いたキーマカレーです。,62,,希少な『上野村特産いのぶた』をたっぷり使ったキーマカレー。,テンクウキッチン　イノブタキーマカレートマトフウミ,群馬県,上野村,小麦,"牛肉, 大豆, 鶏肉, 豚肉, りんご",,賞味期限,720,常温,,10,個,2,ケース,要相談,170g,,,7営業日,,2fc7edb4-ef6b-4e9d-9798-bd104de7b72c,加工食品,レトルト・保存食,,,,,,,,,,,,,,,,,,上野村農産物加工センター,ueno.kakou3@gmail.com,TRUE,,,
米沢牛牛丼の具,米沢牛牛丼の具-1,加工食品,レトルト・保存食,,900,published,"きめ細やかな霜降りと、融点の低い上質な脂、そしてとろけるような柔らかさが特徴の米沢牛を使用した、贅沢な牛丼の具です。口に入れた瞬間に広がる上品な旨味と、雑味のない甘みのある脂が、深いコクと余韻を生み出します。
その米沢牛の旨味を引き立てるため、山形県産赤ワインを隠し味に使用した甘辛の割り下で、熟練の職人が丁寧に炊き上げています。使用している赤ワインは、ANAファーストクラス採用実績を持つ高畠ワイナリーの加工用ワインで、奥行きのある風味を実現しています。

化学調味料・着色料は使用せず、素材本来の旨味を活かした安心・安全な仕立てです。

湯煎するだけで手軽に本格的な味わいが楽しめるため、ご家庭での贅沢な食事はもちろん、特別な日の一品としても最適です。さらに、生卵を添えることで、まるで本格すき焼きのような味わいをお楽しみいただけます。
",39,https://drive.google.com/file/d/1WFP2E0MSfA38bJqVDnCgGhEhnN95rzQc/view?usp=drive_link;https://drive.google.com/file/d/1-a2mWY7HMlv2SSEzjbx9BparlroxCWOS/view?usp=drive_link;https://drive.google.com/file/d/1lxadA3ikyh_Izn5al09_BIhw-8hO3nXS/view?usp=drive_link;https://drive.google.com/file/d/1qOYBnb_OJbt0Jre43XF_d_h04Fl31bwG/view?usp=drive_link,日本三大和牛の一つ米沢牛を 贅沢に使用した牛丼の具,ヨネザワギュウギュウドンノグ,山形県,米沢市,小麦,"牛肉, 大豆, マカダミアナッツ",本製品の製造ラインでは、えび、かに、小麦、そば、卵、乳、いか、牛肉、ごま、さけ、さば、大豆、鶏肉、バナナ、豚肉、りんご、ゼラチンを含む製品を生産しています。,賞味期限,365,常温,,50,個,50,個,対応可能,130g,"無添加, 国産原料, こだわり製法, 手作り, 職人仕上げ, ギフト対応, まとめ買い対応, ふるさと納税返礼品",,５営業日,,9c49f8cd-3ae7-4472-80a3-c18884ba3dfa,加工食品,レトルト・保存食,牛丼の具,"米沢牛の魅力を、より手軽に日常や業務用シーンでも楽しんでいただきたいという想いから生まれた牛丼の具です。山形を代表する高級和牛である米沢牛の価値を活かしながら、“本格的でありながら手軽に提供できる惣菜”として開発しました。

特徴であるきめ細やかな霜降りと上質な脂の旨味を最大限に活かすため、調味には山形県産赤ワインを隠し味として使用。赤ワインは高畠ワイナリー製造のものを採用し、奥行きのある香りとコクを加えています。甘辛の割り下と米沢牛の旨味が調和し、深みのある味わいに仕上げています。

製法面では、素材の良さを損なわないよう化学調味料・着色料を使用せず、職人が丁寧に炊き上げることで、雑味のない上品な味わいを実現しています。","山形の郷土料理、ごろごろ入った
具材がうれしい本場の味　　
山形の秋の風物詩「芋煮」をご家庭で手軽にお楽しみいただける商品です。柔らかく煮込んだ国産牛のすじ肉と、たっぷりの里芋、舞茸、こんにゃく、長ネギが入った具だくさんの芋煮。内容量は250gで、満足感たっぷりの一品です。
味付けは山形の内陸地方で主流の醤油味。甘辛い醤油の風味が、具材の旨味を引き立てます。
一般的には牛肉のスライス肉を用いられる芋煮ですが、レトルト加工によりどうしても”くず肉”化してしまう問題を牛スジ肉を使用する事で、具材感、食べ応えをしっかりと残したままの製品に仕上げました。
レンジアップ対応の袋に入っているので、袋ごと電子レンジで温めるだけで簡単にお召し上がりいただけます。
表示を増やす

山形の郷土料理「芋煮」を、ご家庭で手軽に楽しめるレトルト商品として紹介する文章ですね。内容を整理して、わかりやすくまとめると次のようになります。

山形の秋を代表する郷土料理「芋煮」を、ご家庭で手軽に味わえる一品です。国産牛すじ肉をじっくり柔らかく煮込み、里芋・舞茸・こんにゃく・長ネギをたっぷり加えた、具だくさんの仕立てになっています。内容量は250gで、しっかりとした満足感があります。

味付けは山形県内陸地方で親しまれている醤油ベースの甘辛仕立て。素材の旨味を引き立て、奥深い味わいが楽しめます。

一般的な芋煮では牛スライス肉が使われますが、本商品ではレトルト加工でも食感が残りやすい牛すじ肉を使用することで、具材感と食べ応えをしっかり確保しています。

さらに、電子レンジ対応のパウチ入りなので、袋のまま温めるだけで簡単に本場の味を楽しめます。

もし用途が「商品説明をもっと売れる文章にしたい」「短くSNS用にしたい」「英語版も作りたい」などなら、それに合わせて調整できます。


株式会社タスクフーズの商品

なるほど、株式会社タスクフーズの商品としての芋煮ですね。

いただいた内容を、企業商品としての紹介文として自然に整えると以下のようになります。

山形の郷土料理「芋煮」をご家庭で手軽に味わえる、株式会社タスクフーズのレトルト商品です。秋の風物詩として親しまれる芋煮を再現し、国産牛すじ肉を使用することで、レトルト加工でもしっかりとした具材感と食べ応えを実現しています。

里芋、舞茸、こんにゃく、長ネギをたっぷり使用し、250gの満足感ある内容量に仕上げました。味付けは山形内陸地方で一般的な醤油ベースの甘辛仕立てで、素材の旨味を引き立てる奥深い味わいが特徴です。

また、電子レンジ対応パウチを採用しており、袋のまま温めるだけで簡単に本場の味を楽しめます。

もし用途が「ECサイト用」「チラシ用」「もっと短いキャッチコピー」「英語版」などなら、それに合わせて最適化できます。


★ バイヤーへのメッセージ（強く推奨）
取引を検討するバイヤーへのアピール文です。
「なぜこの商品を選んでほしいか」「どんなお店・シーンに合うか」など率直にお書きください。
★ 入力率が高い商品は問い合わせ・商談件数が増加します。
を考えて

バイヤー向けの「刺さる」メッセージとして、商品特性と導入メリットが伝わるようにまとめると以下のようになります。

山形の郷土料理「芋煮」を、ご家庭で手軽に本場の味として提供できる商品です。秋冬商材として季節性が明確で、特に和惣菜・郷土料理・ご当地フェアなどの売場企画との相性が非常に良い一品です。

本商品は国産牛すじ肉を使用することで、レトルトでありながら“具材感”と“食べ応え”をしっかり確保している点が最大の特長です。一般的な芋煮に比べ、満足感が高く、リピーター獲得が期待できます。

また、電子レンジ調理対応のため調理オペレーション負担が少なく、惣菜売場・ギフト売場・地域物産コーナーなど幅広い販路で展開可能です。単品展開はもちろん、東北フェアや鍋・煮込み企画のラインナップ強化にも最適です。

“ご当地感”“季節感”“簡便性”の三要素を兼ね備えた商品として、売場の差別化・集客力向上に貢献できる一品です。ぜひ貴店の企画にご採用いただければ幸いです。

必要なら「もっと強気営業版」「短縮版（100文字以内）」「CVR重視版」などにも調整できます。


商品コンセプト・こだわり（任意）
商品誕生の背景、製法へのこだわり、地域との繋がりなど

山形の秋の風物詩として親しまれてきた「芋煮」を、より多くの方に手軽に楽しんでいただきたいという想いから生まれた商品です。家庭ごと・地域ごとに味付けや具材が異なる芋煮文化の中でも、山形内陸地方で一般的な醤油ベースの味わいをベースに、郷土の本場感を大切にしています。

製法面では、レトルト加工による課題である「肉の食感低下」に着目し、一般的なスライス肉ではなく国産牛すじ肉を採用。じっくり煮込むことで柔らかさと旨味を引き出し、具材としての存在感を保ちながら満足感のある仕上がりを実現しました。

里芋、舞茸、こんにゃく、長ネギといった定番具材もたっぷり使用し、家庭で作る芋煮に近い“ごろごろ感”を再現しています。電子レンジ対応パウチにより、調理の手軽さと本格的な味わいの両立にもこだわりました。

地域の食文化を大切にしながら、「いつでもどこでも山形の芋煮を楽しめる」ことを目指した、タスクフーズならではの郷土再現商品です。


昔は黒毛和牛の芋煮を作っていった、売価は今より高く、また和牛の為、レトルト加工で牛肉がとけてしまいくず肉が多くなってしまったことから牛スジへ変更した　それを踏まえコンセプトを

ありがとうございます、その背景はコンセプトの“核”になる重要なストーリーです。いただいた内容を踏まえて、商品コンセプト・こだわりとして自然で説得力のある形にまとめると以下になります。

本商品は、かつて黒毛和牛を使用した高付加価値の芋煮として開発・販売されていた商品をルーツに持ちます。当時は贅沢な味わいとして評価される一方で、原料価格の高騰により売価が上昇し、継続的な提供に課題を抱えていました。

また、レトルト加工の特性上、黒毛和牛の繊細な肉質は加熱過程で崩れやすく、結果として“くず肉化”してしまうという品質面の問題も発生していました。

これらの課題を解決するために、現在は国産牛すじ肉へと切り替えています。牛すじ肉は長時間加熱に適しており、レトルト加工後も繊維感と食べ応えがしっかり残るため、芋煮としての満足感を維持しながら、安定した品質とコストバランスを両立することが可能になりました。

結果として、「贅沢さ」だけでなく「具材感」「食べ応え」「再現性」を重視した、現在の芋煮へと進化しています。山形の郷土料理としての本質を守りながら、より多くの方に安定した品質で提供できる商品へとブラッシュアップされたことが、本商品の大きなこだわりです。

必要であれば、「もっと短く審査用（200文字以内）」「バイヤー刺さり重視」「社史風ストーリー調」などにも整えられます。


醤油味だが地元の味噌も加え味に深みもだしている

その要素もとても重要なので、コンセプトに自然に組み込むと説得力が一段上がります。全体を統合して整理すると以下のようになります。

本商品は、かつて黒毛和牛を使用した高付加価値の芋煮として開発・販売されていた商品をルーツに持ちます。当時は贅沢な味わいとして評価される一方で、原料コストの高騰により売価が上昇し、継続供給に課題を抱えていました。また、レトルト加工の特性上、黒毛和牛は加熱時に崩れやすく、肉が“くず肉化”してしまうという品質面の問題も発生していました。

これらの課題を解決するため、現在は国産牛すじ肉へと変更。長時間加熱に適した牛すじ肉を採用することで、レトルトでも繊維感と食べ応えをしっかりと残し、安定した品質とコストバランスを両立しています。

味付けは山形内陸地方で親しまれる醤油ベースを基本としながら、地元の味噌も加えることで、コクと奥行きのある味わいに仕上げています。これにより、単なる再現商品ではなく、家庭の芋煮に近い“深みのある味”を実現しています。

具材には里芋、舞茸、こんにゃく、長ネギを使用し、芋煮らしいごろごろとした食感と満足感を追求。山形の郷土料理としての本質を守りながら、より安定した品質で提供できる商品へと進化させたことが本商品のこだわりです。

必要なら「さらに短い版」「商品ラベル用の超圧縮版」「ストーリー強調版（販促向け）」にもできます。


利用シーン・おすすめの食べ方（任意）
例：ギフトに最適、朝食のお供に、居酒屋メニューに最適 など

以下のようにまとめると、バイヤーや売場担当者にも「使いどころ」が明確に伝わる内容になります。

本商品は、山形の郷土料理「芋煮」を手軽に楽しめるレトルト商品として、幅広いシーンでご活用いただけます。

ご家庭では、忙しい日の夕食やもう一品欲しいときの汁物メニューとして最適です。電子レンジで温めるだけで本場の味が楽しめるため、単身世帯や共働き世帯にもおすすめです。

また、秋冬の季節商材として、鍋・煮込みメニューの一品や、食卓の“ご当地おかず”としても活躍します。ご飯との相性も良く、丼風にしても美味しくお召し上がりいただけます。

ギフト用途では、東北フェア・ご当地詰め合わせ・お土産セットなどのラインナップに組み込みやすく、地域性のある商品として付加価値を発揮します。

さらに、居酒屋や飲食店の簡易メニュー・小鉢・締めの一品としても導入しやすく、調理オペレーション負担を抑えながら郷土料理メニューを提供できます。

必要であれば「もっと短い版（100〜150文字）」「ギフト特化版」「外食向け強化版」などにも調整できます。


画像をアップロードしました
山形県産黒毛和牛を創業170 余年老舗「みやさかや」の熟練の職人が丁寧に炊き上げた逸品です。信頼できる精肉業者から仕入れた山形県産黒毛和牛の主にすき焼き用のロース、バラ、肩、モモ肉をスライスして下茹でします。手間は掛かりますがこの工程で、牛肉の余分な脂やアクが抜け、仕上がりの美味しさに大きな差が出るのです。その後それぞれ化学調味料や着色料を使用しない自社こだわりのタレと共に丁寧に炊き上げました。

ANAのファーストクラスでも採用実績のある高品質なワインを製造する山形県の高畠ワイナリーで製造されたワインを使用した味の深みと有馬山椒の爽やかな香りが食欲をそそる逸品	

2020年には秘密のケンミンショーにて「山形県産黒毛和牛しぐれ煮」が取り上げられ、お笑い芸人のケンド―コバヤシさん、爆笑問題の田中裕二さんに絶賛されました。
★2022年6月日テレＺＩＰ　水卜アナウンサーと一緒に朝ごはんに本製品が取り上げられました。
表示を増やす

いただいた内容を、商品カタログ・商談資料としてそのまま使えるように、情報整理して読みやすく整えました。

山形県産黒毛和牛を使用し、創業170余年の老舗「みやさかや」の熟練職人が丁寧に炊き上げたしぐれ煮の逸品です。

信頼できる精肉業者から仕入れた山形県産黒毛和牛のすき焼き用（ロース・バラ・肩・モモ）を厳選し、スライス後に一度下茹ですることで、牛肉の余分な脂やアクを丁寧に除去。このひと手間により、雑味のない澄んだ旨味と、上品な仕上がりを実現しています。

その後、化学調味料・着色料を一切使用せず、独自配合のタレでじっくりと炊き上げ、素材本来の味わいを引き出しています。

さらに、ANAファーストクラス採用実績のある高畠ワイナリー（山形県）製造のワインを使用し、奥行きのある味わいを演出。有馬山椒の爽やかな香りがアクセントとなり、食欲をそそる上質な仕上がりとなっています。

また、本商品はメディア掲載実績も豊富で、2020年には「秘密のケンミンSHOW」で紹介され、ケンドーコバヤシ氏・爆笑問題 田中裕二氏から高い評価を受けました。さらに2022年には日本テレビ「ZIP！」にて水卜麻美アナウンサーの朝食企画でも取り上げられています。

必要なら「バイヤー向けにもっと短く」「ギフト用コピー」「POP用20〜40文字キャッチ」などにも調整できます。


タスクフーズの牛しぐれ煮

了解です。「タスクフーズの牛しぐれ煮」として、商談資料・商品説明に使える形でコンセプトを整理すると以下になります。

山形県産黒毛和牛を使用し、創業170余年の老舗「みやさかや」の熟練職人が丁寧に炊き上げた牛しぐれ煮です。

厳選した山形県産黒毛和牛（ロース・バラ・肩・モモ）をスライス後、一度下茹ですることで余分な脂やアクを丁寧に取り除き、素材本来の澄んだ旨味を引き出しています。このひと手間により、雑味のない上品な味わいに仕上げています。

調味には化学調味料・着色料を使用せず、独自配合のタレでじっくりと炊き上げ、牛肉の旨味を最大限に活かしています。さらに、山形県高畠ワイナリー製造のワインを使用することで味に奥行きを持たせ、有馬山椒の爽やかな香りがアクセントとなった、食欲をそそる仕上がりです。

メディア実績も豊富で、「秘密のケンミンSHOW」（2020年）ではケンドーコバヤシ氏・爆笑問題 田中裕二氏に絶賛され、2022年には日本テレビ「ZIP！」の朝食企画でも紹介されるなど、高い評価をいただいています。

必要なら
・バイヤー向け短縮版
・ギフト用キャッチ
・POP用20文字コピー
・芋煮と並べたシリーズ統一コンセプト
なども作れます。


★ バイヤーへのメッセージ（強く推奨）
取引を検討するバイヤーへのアピール文です。
「なぜこの商品を選んでほしいか」「どんなお店・シーンに合うか」など率直にお書きください。
★ 入力率が高い商品は問い合わせ・商談件数が増加します。

山形県産黒毛和牛を使用し、創業170余年の老舗「みやさかや」の職人技で丁寧に仕上げた、付加価値の高い牛しぐれ煮です。化学調味料・着色料不使用にこだわり、さらに高畠ワイナリーのワインや有馬山椒を加えることで、他にはない奥行きのある味わいを実現しています。

本商品は「ご飯のお供」としての定番需要に加え、“少し良いものを選びたい”という中高価格帯ニーズにも対応できる商品です。特に、ギフト商材・百貨店催事・地域フェア・こだわり食品コーナーとの相性が非常に良く、売場に高級感とストーリー性を付加できます。

また、テレビ番組での紹介実績もあり、話題性・信頼性の両面を兼ね備えている点も強みです。日常使いから贈答用まで幅広いシーンで展開可能で、特に「ご飯が進む逸品」「お酒の肴」「手土産・ギフト需要」において高い訴求力を発揮します。

“素材の確かさ”と“職人の技”を軸に、売場の差別化と単価アップに貢献できる商品として、ぜひご採用をご検討いただければ幸いです。


業務用でのアピールも入れて

山形県産黒毛和牛を使用し、創業170余年の老舗「みやさかや」の職人技で丁寧に仕上げた牛しぐれ煮です。化学調味料・着色料不使用にこだわり、山形県高畠ワイナリーのワインや有馬山椒を加えることで、深みと香りのある上質な味わいに仕上げています。

本商品は、ギフト・百貨店・催事向けの高付加価値商材としてはもちろん、業務用としても幅広くご活用いただけます。小鉢料理・定食の一品・お通し・酒肴メニュー・弁当惣菜など、少量で“格”を上げられるアイテムとして、飲食店の付加価値メニューづくりに最適です。調理済みのためオペレーション負担が少なく、安定した品質で提供できる点も大きなメリットです。

また、ストーリー性のある商品として、和食店・居酒屋・ホテル朝食・旅館の食事提供などでも採用しやすく、「山形県産黒毛和牛使用」という産地訴求によりメニューの差別化にも貢献します。

テレビ番組での紹介実績もあり、話題性と信頼性を兼ね備えた商品として、ギフト・小売・業務用のいずれのチャネルでも展開可能です。売場・メニュー双方において“ワンランク上の価値”を付与できる逸品として、ぜひご採用をご検討ください。


商品コンセプト・こだわり（任意）
商品誕生の背景、製法へのこだわり、地域との繋がりなど

山形県産黒毛和牛の魅力を、より多くの方に日常の食卓や業務用メニューとして手軽に楽しんでいただきたいという想いから生まれた牛しぐれ煮です。創業170余年の老舗「みやさかや」の熟練職人が、伝統の技と丁寧な手仕事で仕上げています。

本商品は、かつての高付加価値志向の商品開発の中で培われた経験をもとに、味わいと品質の安定性を両立させるために改良を重ねてきました。原料には山形県産黒毛和牛（ロース・バラ・肩・モモ）を厳選して使用し、スライス後に下茹ですることで余分な脂やアクを取り除き、澄んだ旨味を引き出しています。この工程により、雑味のない上品な味わいと安定した品質を実現しています。

調味料には化学調味料・着色料を使用せず、独自配合のタレでじっくりと炊き上げています。さらに、山形県高畠ワイナリー製造のワインを使用することで味に奥行きを持たせ、有馬山椒の爽やかな香りが全体を引き締める構成としています。

地域の素材と職人の技を活かし、「山形らしさ」と「確かな品質」を両立させた商品として、ご家庭用から業務用、ギフト用途まで幅広く対応できる商品に仕上げています。


利用シーン

山形県産黒毛和牛の旨味を活かした本商品は、ご家庭から業務用まで幅広いシーンでご活用いただけます。

ご家庭では、温かいご飯にのせるだけで満足感のある“ご飯のお供”として、またおにぎりの具材やお弁当の一品としても最適です。少量でもしっかりとした味わいがあるため、日常の食卓を少し贅沢にしたい時にもおすすめです。

業務用としては、定食の小鉢、居酒屋のお通しや酒肴、ホテル・旅館の朝食や夕食の一品、弁当惣菜の付加価値メニューなどに幅広く対応できます。調理済みのため提供オペレーションが簡易で、安定した品質での提供が可能です。

また、ギフト商材としても相性が良く、百貨店催事や地域フェア、詰め合わせセットなどに組み込むことで、商品全体の価値向上にも貢献します。

“手軽さ”と“高級感”を両立しているため、日常使いから特別な食シーンまで幅広く対応できる万能な惣菜商品です。


商品取り扱い注意　簡易説明文

商品取り扱い注意（簡易説明文）

本品は直射日光・高温多湿を避け、常温で保存してください。開封後は冷蔵庫（10℃以下）で保存し、なるべく早めにお召し上がりください。電子レンジで加熱する際は、パッケージの表示に従い、やけどにご注意ください。


納品時の

納品時の取り扱い注意（簡易説明文）

納品後は速やかに保管場所へ移し、直射日光・高温多湿を避けて常温で保管してください。外装破損や膨張などがないか必ず確認してください。温度管理が必要な環境下では、適切な温度帯での保管を徹底してください。輸送・保管時の衝撃や落下には十分ご注意ください。


瓶商品、ふたが真空になっていない場合、菌が発生する恐れあり

納品時の取り扱い注意（簡易説明文）

瓶商品のため、納品時には外観の破損・液漏れ・キャップの緩みがないか必ずご確認ください。ふたが真空状態になっていない場合や、開栓しやすい状態の場合は、内容物の品質保持が損なわれている可能性があり、菌の発生等の恐れがありますので、使用を控えてください。異常が見られる場合は速やかに取引先へご連絡ください。


確認方法　蓋上部　へこんでいれば真空　盛り上がっている場合は真空不良

納品時の取り扱い注意（簡易説明文）

瓶商品のため、納品時には外観の破損・液漏れ・キャップの緩みがないか必ずご確認ください。

真空状態の確認方法として、瓶の蓋上部を確認し、中央がへこんでいれば正常な真空状態です。一方で、蓋上部が盛り上がっている場合は真空不良の可能性があり、内容物の品質保持が損なわれている恐れ（菌の発生等）がありますので、使用は控えてください。

異常が見られる場合は、速やかに取引先へご連絡ください。


画像をアップロードしました
肥育期間が長く、じっくりと旨味を乗せていく米沢牛は、味わいにおいて他の和牛の追随を許しません。そんな柔らかく旨味ある脂の香りが特徴の米沢牛を隠し味に山形県産の赤ワインを使用した甘辛の割り下で熟練の職人が炊き上げました。
赤ワインはANAのファーストクラスでも採用実績があり、高品質のワインを醸造される「高畠ワイナリー」の加工用赤ワインを用いました。
化学調味料や着色料不使用で安心・安全。
湯煎で簡単調理の逸品
生卵を一緒にお召し上がり頂くとすき焼きのような味わいです。

タスクフーズ米沢牛牛丼の具　商品説明考えて 

以下に「タスクフーズ 米沢牛牛丼の具」として、商品説明（商談・カタログ掲載用）を整えました。

肥育期間が長く、旨味をじっくりと蓄えた米沢牛を使用した、贅沢な牛丼の具です。米沢牛特有の柔らかさと上質な脂の香りが、他の和牛とは一線を画す深い味わいを生み出します。

その米沢牛の旨味を引き立てるため、山形県産赤ワインを隠し味に使用した甘辛の割り下で、熟練の職人が丁寧に炊き上げています。使用している赤ワインは、ANAファーストクラス採用実績を持つ高畠ワイナリーの加工用ワインで、奥行きのある風味を実現しています。

化学調味料・着色料は使用せず、素材本来の旨味を活かした安心・安全な仕立てです。

湯煎するだけで手軽に本格的な味わいが楽しめるため、ご家庭での贅沢な食事はもちろん、特別な日の一品としても最適です。さらに、生卵を添えることで、まるで本格すき焼きのような味わいをお楽しみいただけます。

必要なら
・バイヤー向けメッセージ
・利用シーン
・芋煮／しぐれ煮とのシリーズ統一コンセプト
・短いPOPコピー
も作れます。


肥育期間が長く、旨味をじっくりと蓄えた米沢牛を使用した、贅沢な牛丼の具です。米沢牛特有の柔らかさと上質な脂の香りが、他の和牛とは一線を画す深い味わいを生み出します。

この部分おかしいから米沢牛の特徴を入れた文に変えて

了解です。より「米沢牛の特徴が伝わる」形に自然に修正すると、以下のようになります。

きめ細やかな霜降りと、融点の低い上質な脂、そしてとろけるような柔らかさが特徴の米沢牛を使用した、贅沢な牛丼の具です。口に入れた瞬間に広がる上品な旨味と、雑味のない甘みのある脂が、深いコクと余韻を生み出します。

必要なら「もっと高級感強め」「ギフト向けに寄せる」「業務用メニュー向けに短く」なども調整できます。


★ バイヤーへのメッセージ（強く推奨）
取引を検討するバイヤーへのアピール文です。
「なぜこの商品を選んでほしいか」「どんなお店・シーンに合うか」など率直にお書きください。
★ 入力率が高い商品は問い合わせ・商談件数が増加します。

米沢牛ならではの上品な脂の甘みと、とろけるような柔らかさを活かし、山形県産赤ワインを隠し味に加えた割り下で仕上げた、付加価値の高い牛丼の具です。化学調味料・着色料不使用で、素材と製法にこだわった“ワンランク上の即食和惣菜”として設計しています。

本商品は、ご家庭での“ごちそうメニュー”としてはもちろん、ギフト・百貨店催事・地域フェアなどの高付加価値売場に適しています。また、湯煎調理のみで提供できるため、飲食店・ホテル・旅館などの業務用メニューとしても導入しやすく、牛丼・和定食・朝食小鉢・酒肴など幅広いシーンで活用可能です。

特に「米沢牛使用」「ワイン仕立て」というストーリー性により、メニューや売場に明確な差別化と訴求力を付与できます。簡便性と高級感を両立した商品として、単価アップや企画商品の柱としてご提案いただける逸品です。

ぜひ貴社の売場・メニューラインナップにご採用をご検討いただければ幸いです。


商品コンセプト・こだわり（任意）
商品誕生の背景、製法へのこだわり、地域との繋がりなど

米沢牛の魅力を、より手軽に日常や業務用シーンでも楽しんでいただきたいという想いから生まれた牛丼の具です。山形を代表する高級和牛である米沢牛の価値を活かしながら、“本格的でありながら手軽に提供できる惣菜”として開発しました。

特徴であるきめ細やかな霜降りと上質な脂の旨味を最大限に活かすため、調味には山形県産赤ワインを隠し味として使用。赤ワインは高畠ワイナリー製造のものを採用し、奥行きのある香りとコクを加えています。甘辛の割り下と米沢牛の旨味が調和し、深みのある味わいに仕上げています。

製法面では、素材の良さを損なわないよう化学調味料・着色料を使用せず、職人が丁寧に炊き上げることで、雑味のない上品な味わいを実現しています。

また、山形の食文化と地域資源を活かした商品として、地元のワイナリーや和牛生産者の価値を一体として発信できる点も本商品の大きな特徴です。米沢牛と山形ワインという地域の強みを掛け合わせた、ストーリー性のある一品として開発されています。


利用シーン

米沢牛の上質な旨味を活かした本商品は、ご家庭から業務用、ギフトまで幅広いシーンでご活用いただけます。

ご家庭では、湯煎するだけで本格的な牛丼として楽しめるため、忙しい日の食事や少し贅沢をしたい日の“ごちそうメニュー”として最適です。生卵を添えれば、すき焼き風の味わいとしてもお楽しみいただけます。

業務用としては、飲食店の牛丼メニュー、和定食の一品、小鉢料理、居酒屋の酒肴、ホテルや旅館の朝食・夕食メニューなど、幅広い提供シーンに対応可能です。調理が簡便なため、オペレーション負担を軽減しながらも高付加価値メニューの展開が可能です。

また、ギフト商材としても相性が良く、百貨店催事や地域フェア、詰め合わせセットなどに組み込むことで、特別感のある商品として訴求できます。

“手軽さ”と“高級感”を兼ね備えているため、日常使いから特別な食シーンまで対応できる汎用性の高い商品です。",https://drive.google.com/file/d/1FdL1KFvdg5GcSlVuQA6qzfFrRHeZEASk/view?usp=drive_link,,29,38,29,9,相談可,小売・業務用,自社サイトで販売中,通年,"米沢牛ならではの上品な脂の甘みと、とろけるような柔らかさを活かし、山形県産赤ワインを隠し味に加えた割り下で仕上げた、付加価値の高い牛丼の具です。化学調味料・着色料不使用で、素材と製法にこだわった“ワンランク上の即食和惣菜”として設計しています。

本商品は、ご家庭での“ごちそうメニュー”としてはもちろん、ギフト・百貨店催事・地域フェアなどの高付加価値売場に適しています。また、湯煎調理のみで提供できるため、飲食店・ホテル・旅館などの業務用メニューとしても導入しやすく、牛丼・和定食・朝食小鉢・酒肴など幅広いシーンで活用可能です。
",,,,株式会社タスクフーズ,s.monma@koi-miyasaka.com,TRUE,,,
ほぐし飯の素　鯵の開き（国産）,ほぐし飯の素-鯵の開き-国産-1,加工食品,レトルト・保存食,,832,published,"国産の鯵の開きを贅沢に丸ごと一尾使用した味も見た目も大満足間違いなしのほぐし飯。割烹立よしの優しい出汁と一緒に炊き込むと鯵や出汁の旨みや香りが漂います。骨や頭も柔らかく、一尾丸ごと混ぜ込んでお召し上がりいただけます。
ぜひ、割烹立よしの味をお楽しみください。",29,,千葉県のハクダイ食品の匠の鯵を使用,ホグシメシノモトアジノヒラキ,山梨県,富士川町,小麦,"さば, 大豆",,賞味期限,150,常温,,18,個,2,ケース,対応可能,具 + だし汁350ml /袋,"こだわり製法, 職人仕上げ",,５営業日,,4d2fa24f-0982-4e62-922b-faaae1034106,加工食品,レトルト・保存食,炊き込みご飯,,お子様のいるご家庭、キャンプ飯,,,,,,,不可,小売・業務用,WEB販売なし,通年,ご家庭の炊飯器で簡単に料亭の味が味わえます。素材の姿が丸々炊き上がる見た目も楽しい炊き込みご飯の素です。,,,,割烹立よし株式会社,tsuji@tatuyoshi.jp,TRUE,,,
ウッドアイランド よこすか海軍カレー,ウッドアイランド-よこすか海軍カレー-1,加工食品,レトルト・保存食,,550,published,「海軍割烹術参考書」のレシピを素に、横須賀の人気洋食店『ウッドアイランド』が手掛ける”よこすか海軍カレー”スパイスと牛肉の旨味が溶け出した芳醇な香りと、小麦粉のとろみがマッチしたカレールウ。野菜の甘みも、ルウの程よい辛さを引き立て、ジューシーな牛肉と相性抜群です。ウッドアイランドは、「カレーの街よこすか」人気店コンテストで第1 位を受賞した、行列のできる人気店です。人気店が手掛ける「よこすか海軍カレー」をご自宅でぜひお楽しみください。,18,https://drive.google.com/file/d/1MK3gjJDaDE8wT6LyPHoDjW7U9QSV_1M9/view?usp=drive_link,「カレーの街よこすか」の人気店コンテスト第1 位！ウッドアイランドが手掛ける「昔懐かしの味」よこすか海軍カレー,ウッドアイランドヨコスカカイグンカレー,大阪府,大阪市,小麦,"牛肉, 大豆, 鶏肉, りんご, ゼラチン",,賞味期限,730,常温,,40,個,5,ケース,要相談,200g,,,3営業日,,0897e295-ca16-4a8c-9567-92f86a88eea5,加工食品,レトルト・保存食,カレー,,,,,,,,,,小売用,,,,,,,株式会社ヤチヨ,yorder@yachiyo-gr.com,TRUE,,,
国産牛スジ山形の芋煮,国産牛スジ山形の芋煮-1,加工食品,レトルト・保存食,,650,published,"山形の秋の風物詩「芋煮」をご家庭で手軽にお楽しみいただける商品です。柔らかく煮込んだ国産牛のすじ肉と、たっぷりの里芋、舞茸、こんにゃく、長ネギが入った具だくさんの芋煮。内容量は250gで、満足感たっぷりの一品です。
味付けは山形の内陸地方で主流の醤油味。甘辛い醤油の風味が、具材の旨味を引き立てます。
一般的には牛肉のスライス肉を用いられる芋煮ですが、レトルト加工によりどうしても”くず肉”化してしまう問題を牛スジ肉を使用する事で、具材感、食べ応えをしっかりと残したままの製品に仕上げました。
レンジアップ対応の袋に入っているので、袋ごと電子レンジで温めるだけで簡単にお召し上がりいただけます。
",37,https://drive.google.com/file/d/1JQQrn6q_1swAw0ZjdWQG0zzXlNrPnp9B/view?usp=drive_link;https://drive.google.com/file/d/1GyCaptix6iVV-Chv7OXCUwrrcYd6iafN/view?usp=drive_link,山形の郷土料理、ごろごろ入った 具材がうれしい本場の味、山形の芋煮,コクサンギュウスジヤマガタノイモニ,山形県,米沢市,小麦,"牛肉, 大豆",本製品の製造ラインでは、えび、かに、小麦、そば、卵、乳、いか、牛肉、ごま、さけ、さば、大豆、鶏肉、バナナ、豚肉、りんご、ゼラチンを含む製品を生産しています。,賞味期限,365,常温,,50,個,50,個,対応可能,250,"こだわり製法, 手作り, ギフト対応, まとめ買い対応, ふるさと納税返礼品",,５営業日,,9c49f8cd-3ae7-4472-80a3-c18884ba3dfa,加工食品,レトルト・保存食,そうざい,"本商品は、かつて黒毛和牛を使用した高付加価値の芋煮として開発・販売されていた商品をルーツに持ちます。当時は贅沢な味わいとして評価される一方で、原料コストの高騰により売価が上昇し、継続供給に課題を抱えていました。また、レトルト加工の特性上、黒毛和牛は加熱時に崩れやすく、肉が“くず肉化”してしまうという品質面の問題も発生していました。

これらの課題を解決するため、本商品は牛すじ肉へと変更。長時間加熱に適した牛すじ肉を採用することで、レトルトでも繊維感と食べ応えをしっかりと残し、安定した品質とコストバランスを両立しています。

味付けは山形内陸地方で親しまれる醤油ベースを基本としながら、地元の味噌も加えることで、コクと奥行きのある味わいに仕上げ、レトルト製品でありながらレトルトを感じさせない味わいに仕上げています。これにより、単なる再現商品ではなく、家庭の芋煮に近い“深みのある味”を実現しています。

具材には里芋、舞茸、こんにゃく、長ネギを使用し、芋煮らしいごろごろとした食感と満足感を追求。山形の郷土料理としての本質を守りながら、より安定した品質で提供できる商品へと進化させたことが本商品のこだわりです。","ご家庭では、忙しい日の夕食やもう一品欲しいときの汁物メニューとして最適です。電子レンジで温めるだけで本場の味が楽しめるため、単身世帯や共働き世帯にもおすすめです。

また、秋冬の季節商材として、鍋・煮込みメニューの一品や、食卓の“ご当地おかず”としても活躍します。ご飯との相性も良く、丼風にしても美味しくお召し上がりいただけます。

ギフト用途では、東北フェア・ご当地詰め合わせ・お土産セットなどのラインナップに組み込みやすく、地域性のある商品として付加価値を発揮します。

さらに、居酒屋や飲食店の簡易メニュー・小鉢・締めの一品としても導入しやすく、調理オペレーション負担を抑えながら郷土料理メニューを提供できます。",https://drive.google.com/file/d/1Bk4vWKJ9EKLSeoZC2KR0s8yx53a9GAxr/view?usp=drive_link,,32,39,235,14.5,相談可,小売用,自社サイトで販売中,通年,"山形の郷土料理「芋煮」を、ご家庭で手軽に本場の味として提供できる商品です。秋冬商材として季節性が明確で、特に和惣菜・郷土料理・ご当地フェアなどの売場企画との相性が非常に良い一品です。

本商品は国産牛すじ肉を使用することで、レトルトでありながら“具材感”と“食べ応え”をしっかり確保している点が最大の特長です。一般的なレトルトの芋煮に比べ、牛肉の形がしっかりと残り、その他の具材についても里芋をはじめ具沢山、内容量も250gと満足感が高い商品となっています。

また、電子レンジ調理対応のため調理オペレーション負担が少なく、惣菜売場・ギフト売場・地域物産コーナーなど幅広い販路で展開可能です。単品展開はもちろん、東北フェアや鍋・煮込み企画のラインナップ強化にも最適です。

“ご当地感”“季節感”“簡便性”の三要素を兼ね備えた商品として、売場の差別化・集客力向上に貢献できる一品です。",,,,株式会社タスクフーズ,s.monma@koi-miyasaka.com,TRUE,,,
箱根山麓豚の旨辛ポークカレー,箱根山麓豚の旨辛ポークカレー-1,加工食品,レトルト・保存食,,718,published,こだわりの飼料と環境で育った箱根山麓豚を使用。上品な肉質と雑味のない脂の旨味が特徴の上質ポークと、インパクトある辛口ルーとの絶妙なバランスを実現しました。「味」にこだわり抜いた、違いの分かる大人向け辛口カレーです。,69,,箱根山麓のご当地ポークと中辛ルウの絶妙ハーモニー,ハコネサンロクトンノウマカラポークカレー,静岡県,三島市,小麦,"牛肉, 大豆, 鶏肉, 豚肉, りんご",,賞味期限,730,常温,,40,個,1,ケース,対応可能,190g,国産原料,,5営業日,,d17ea8d5-2cac-4c11-b7fa-99e4a76d79a3,加工食品,レトルト・保存食,カレー,地域振興を念頭に、地元に愛される商品を目指しています。,,,,48,30,20,9,相談可,小売用,他社サイトで販売中,通年,箱根山麓で育ったブランドポークを使用しています。限られた流通の商品です。,,,,田村商店,a_taki@tamura-sougyo.co.jp,TRUE,,,
道後ビールカレー　200g,道後ビールカレー-200g-1,加工食品,レトルト・保存食,,650,published,「道後ビール」は、日本最古の温泉郷・道後温泉の湯上がりビールとして愛されている湯の町道後の地ビール。道後ビールカレーは、フルーティーな味わいが特長の「道後ビール　ヴァイツェン」で厳選した素材をじっくりと煮込みました。コクと旨味が詰まった大人の味わいをおたのしみください。,63,https://drive.google.com/file/d/1Lppt9Zoi8NTzmzOLTiOWXmtKtfpxILTM/view?usp=drive_link;https://drive.google.com/file/d/153yKqgULuouETqvEAhgnAHA6MgHRiZWu/view?usp=drive_link,道後温泉のご当地カレー「道後ビールカレー」。,ドウゴビールカレー　200g,愛媛県,松山市,"小麦, 乳","牛肉, さけ, 大豆, 鶏肉, バナナ, 豚肉, りんご, ゼラチン",本品製造工場では、卵・えび・かに・落花生・くるみ・カシューナッツを含む製品を生産しております。,賞味期限,730,常温,,30,個,1,ケース,要相談,200g,ギフト対応,,3営業日,,ca519b19-219e-4f12-aa24-c9519bb3d313,加工食品,レトルト・保存食,調理済みカレー,国産の玉ねぎをじっくりと炒め、野菜の甘みをだし、リンゴ、バナナ等のフルーツを多めに使用。国産牛の肩バラ、すね肉の脂身の少ない赤身肉を使用し、約３０種類のスパイスを配合し、辛さと香りを調整した後、「道後ビール　ヴァイツェン」を加え、時間をかけ、じっくりと煮込み、コクと味の深みが楽しめる、“ビールに合うカレー”をコンセプトにした商品です。,,https://drive.google.com/file/d/17wQPbmyx6LlrvT8MvW6Nvp3A4Tn3Zyij/view?usp=drive_link,,25,42,22,7.3,不可,小売用,自社サイトで販売中,通年,愛媛・松山・道後、創業明治28年（1895年）、日本最古の温泉として全国的に知名度がある「道後温泉」地区唯一の造り酒屋が開発・販売。～仁愛なる喜び多き津～の意を込めた銘酒「仁喜多津」を製造。愛媛・松山・道後温泉の「ご当地カレー」として定着、愛媛県を代表する「県産品」として知られております。湯上がりビールとして定着しているクラフトビール「道後ビール　ヴァイツェン」で具材をじっくりと煮込んだ、コクと味の深みが楽しめる、“ビールに合うカレー”をコンセプトにしたレトルトカレーです。,,,,水口酒造株式会社,info@minakuchi-shuzo.com,TRUE,,,
イカ墨黒ラー油,イカ墨黒ラー油-1,加工食品,調味料,,815,published,ラーメン、炒飯、餃子が旨辛に味変する、魚介の旨味たっぷりの食べるラー油です。,73,https://drive.google.com/file/d/1a9TU2Uddeb1L8S72WoFcTDWDgg_8rd1L/view?usp=sharing,イカの味を知り尽くした河太郎が、吉本興業　佐賀県住みます芸人　メタルラックとコラボして佐賀の新名物をつくりました。,イカスミクロラーユ,福岡県,柳川市,,,,,,常温,,15,個,2,ケース,対応可能,,,,,,e1b56358-b56a-47ff-9f41-5d7f1a8e1cd0,加工食品,調味料,イカスミラー油,,,,,,,,,,,,,吉本興業・佐賀県住みます芸人メタルラックと共同開発。呼子のイカをたっぷり使った食べるラー油です。冷やしうどん、チャーハン、冷奴、ラーメン、餃子、揚げ物などいろんな料理を引き立てる旨辛味です。,,,,有限会社河太郎,kawatarou.info001@gmail.com,TRUE,,,
横須賀海自カレー 掃海艦はちじょうポークカレー,横須賀海自カレー-掃海艦はちじょうポークカレー-1,加工食品,レトルト・保存食,,600,published,"自衛隊の協力のもと、各艦の給養員長から提供していただいたレシピを地元のカレー店が忠実に再現した「横須賀海上自衛隊カレー」。
『掃海艦はちじょう』カレーは横須賀海軍カレー本舗様のレシピを参考に開発した、コクと甘さを出したポークカレーです。
海上自衛隊で実際に食べられているカレーと同じ味を、ぜひお楽しみください。",13,https://drive.google.com/file/d/1e97oXacKHCXQrBW9RUnHDOBhElOG35iU/view?usp=drive_link,自衛隊の協力のもと、各艦の給養員長から提供していただいたレシピを地元のカレー店が忠実に再現した「横須賀海上自衛隊カレー」。,ヨコスカカイジカレーソウカイカンハチジョウポークカレー,神奈川県,横須賀市,"小麦, 乳","牛肉, ごま, 大豆, 鶏肉, 豚肉, りんご",,賞味期限,730,常温,,40,個,2,ケース,対応可能,,,,3営業日,,c0204dcb-ed2c-4fdb-bad5-2b7ad917d128,加工食品,レトルト・保存食,,,,https://drive.google.com/file/d/1_FmwDFS1_LYmnLH8TkFTjuYy-ZLQloRp/view?usp=drive_link,,,,,,,,自社サイトで販売中,,自衛隊の協力のもと、各艦の給養員長から提供していただいたレシピを地元のカレー店が忠実に再現した「横須賀海上自衛隊カレー」。,,,,株式会社調味商事,mina-kawasaki@choumi.jp,TRUE,,,
くじら大和煮,くじら大和煮-1,加工食品,水産,,500,published,くじら大和煮のレトルトパック。しょうゆ、砂糖、生姜などのシンプルな味付けながらしっかりとした味で美味しい！レトルトパックだから、素材の旨味を活かし、そのまま食べられます。また、容器は一般ごみとして簡単に捨てられます。,53,,しょうゆ、砂糖、生姜などのシンプルな味付けながらしっかりとした味で美味しい！,クジラヤマトニ,山口県,下関市,小麦,大豆,,賞味期限,365,常温,,24,袋,2,ケース,対応不可,120g,職人仕上げ,,5営業日,,e0ffec33-678c-40b0-8f34-91e43ede355f,加工食品,水産,レトルト食品,大和煮では珍しいレトルトパックです。訴求力のあるスタントタイプです。,お酒のお共やおかずの一品として,,,,,,,不可,小売用,自社サイトで販売中,通年,缶詰臭がしない。圧力下まで柔らかく仕上げました。ごみの処分も一般ごみで捨てられる,,,,株式会社東冷,order@sekitaro.com,TRUE,,,
米沢牛麻婆豆腐,米沢牛麻婆豆腐-1,加工食品,レトルト・保存食,,500,published,"日本三大和牛の一つ米沢牛を使用した麻婆豆腐の素です。本格四川風に仕上げており、香辛料のしびれや辛さ香りの後に、和牛の旨味が追いかけてくる贅沢な味わいです。
市場に多く流通する麻婆豆腐の素は、調味液のみのものも多いですが、本品はブランド牛米沢牛の挽肉入り。素材そのものの旨味が際立ち、家庭で簡単にプロの味を再現できます。
本格四川風の辛さとコクを追求し、香り高い花椒やこだわりの調味料を使用。レトルト食品の開発・販売で培った技術を活かし、専門店さながらの味わいに仕上げました。
・米沢牛の挽肉使用でコク深い味わい
・四川産花椒を贅沢に使用し、しびれる辛さ
",36,https://drive.google.com/file/d/1D8ZNPTEgfVU6kvr9c4oscToRkhDtHTy1/view?usp=drive_link;https://drive.google.com/file/d/1qZCvReDRlSmXJ3BcMvH9CtybfvkZd6n1/view?usp=drive_link;https://drive.google.com/file/d/1cUWn-XWTa-gLX1m1zTMBVYaIBCLl7AZQ/view?usp=drive_link;https://drive.google.com/file/d/1rP3Wwd-y1cBaUMFBrenWNwSL1cjv_6Km/view?usp=drive_link,素材・味にこだわりぬいた本格麻婆の素,ヨネザワギュウマーボードウフ,山形県,米沢市,"小麦, 乳","牛肉, ごま, 大豆, 鶏肉",本製品の製造ラインでは、えび、かに、小麦、そば、卵、乳、いか、牛肉、ごま、さけ、さば、大豆、鶏肉、バナナ、豚肉、りんご、ゼラチンを含む製品を生産しています。,賞味期限,365,常温,,50,個,50,個,対応可能,110ｇ,"こだわり製法, 手作り, まとめ買い対応, ふるさと納税返礼品",,７営業日,,9c49f8cd-3ae7-4472-80a3-c18884ba3dfa,加工食品,レトルト・保存食,,"本商品は、「家庭で手軽に本格四川の味わいを楽しんでいただきたい」という思いから開発された、プレミアム麻婆豆腐の素です。中華の定番メニューである麻婆豆腐を、より満足感のある“ごちそう惣菜”として再構築することをコンセプトに、素材選定から調味設計まで一から見直しました。

最大の特徴は、日本三大和牛のひとつである米沢牛を使用している点です。一般的なひき肉ではなく和牛を用いることで、辛味やスパイスの中にも深い旨味とコクが感じられる、ワンランク上の味わいを実現しています。

また味の設計では、本場四川の伝統的な製法を意識し、特長の異なる2種類の豆板醤をブレンド。長期熟成による深いコクと辛味を持つ郫県豆板醤と、香りとキレのある減塩豆板醤「華」を組み合わせることで、奥行きのある複雑な味わいに仕上げています。

さらに別添の花椒には、四川省漢源産の最高級品を採用。しびれる辛さと清涼感のある香りを加えることで、好みに応じて本格的な四川の刺激を再現できる設計としました。

地域素材の価値と本場四川の技法を融合させ、「簡便でありながら専門店品質を超える満足感」を目指した商品です。",本商品は、日本三大和牛である米沢牛の旨味と、2種の豆板醤・四川省漢源花椒による本格四川の味わいを融合させた麻婆豆腐の素で、豆腐と炒めるだけの簡便調理により家庭の時短料理からプチ贅沢な食卓、さらには飲食店での看板メニューや業務用のメニュー展開・惣菜活用まで幅広く対応できる高付加価値商品です。,https://drive.google.com/file/d/1BkMVNb2ZSEak3VN4B-FnXunh1F1qPoFd/view?usp=drive_link,,290,380,290,8,相談可,小売用,自社サイトで販売中,通年,"本商品は、希少な米沢牛の旨味を活かした本格四川風麻婆豆腐の素であり、「簡便さ」と「専門店品質の味わい」を両立した商品です。

中華惣菜の中でも人気の高い麻婆豆腐は、家庭需要・外食需要ともに安定した定番メニューであり、本商品は“ご当地素材（米沢牛）×本格四川”という付加価値により、他商品との差別化をはかっております。

常温保存が可能なため、食品売場・ギフト売場・催事・土産売場など幅広いチャネルで展開でき、在庫リスクを抑えた導入が可能です。調理も簡便で、家庭用はもちろん、忙しい共働き世帯や単身世帯にもおすすめの商品です。

「手軽に作れるのに外食級の満足感」を提供できる点が最大の強みであり、リピート購入・まとめ買いが期待できる商品です。ぜひ売場の主力商品の一つとしてご検討ください。",,,,株式会社タスクフーズ,s.monma@koi-miyasaka.com,TRUE,,,
牧草牛のビーフジャーキー,牧草牛のビーフジャーキー-1,加工食品,畜産・肉,,700,published,赤身が強く健康志向の人から支持を集めている「牧草牛（グラスフェッドビーフ）」のモモ肉を厚めにカットし、自家製の味噌だれに漬け込み乾燥させたやまのおかげ屋オリジナルのビーフジャーキーです。味付には、うま味調味料等を一切加えず、鳥取特産の梨を使用したフルーティーな自家製の味噌だれを使用。発色剤なども使わないため色が濃く、また賞味期限を伸ばすために乾燥度合いを強めているので、適度な歯ごたえをお感じいただけます。噛めば噛むほど牧草牛の旨味があふれ出る、思わずやみつきになるような一品です。,44,,"自家製の味噌だれ漬け
うま味調味料不使用",ボクソウギュウノビーフジャーキー,鳥取県,倉吉市,"小麦, 落花生（ピーナッツ）","牛肉, ごま, 大豆, りんご",,賞味期限,180,常温,,30,個,1,ケース,対応可能,30g,,,3営業日,,deeaa6a8-914e-4953-8525-dc3b726c5d4b,加工食品,畜産・肉,ジャーキー,"赤身が強く健康志向の人から支持を集めている「牧草牛（グラスフェッドビーフ）」のモモ肉を厚めにカットして、自家製の味噌だれに漬け込み乾燥させたものです。味噌だれは鳥取県の梨を使用したフルーティーな甘さが特徴。
うま味調味料を一切使用していない素材そのままを味わうジャーキーです。",手土産、自分用、身近な人への贈り物、ご家庭や屋外(キャンプ等)でのお酒のおつまみに。居酒屋やBarなどのおつまみにも,,,235,37.5,16,1.57,相談可,小売・業務用,自社サイトで販売中,通年,できるだけ添加物は使用せず、たれは自家製たれを使用しているため、自然派志向のお店や素材にこだわるお店にもおすすめです。またお酒のおつまみとしてご自宅はもちろん、居酒屋やバーのスナックとしてご利用いただくのもおすすめです。,,,,株式会社やまのおかげ屋,order@yamanookageya.jp,TRUE,,,
岡山 和牛カレー,岡山-和牛カレー-1,加工食品,レトルト・保存食,,899,published,黒毛和牛伝承の地、奥備中新見地域。この地の和牛牧場で育った誉れ高い”千屋牛”の、良質牛肉と地元地域名産の完熟トマトを、ふんだんに使いじっくりと時間をかけて煮込みました。千屋牛の肉の深い味わいがおいしさをより一層引き立てるコクのあるカレーをお楽しみください。,1,,黒毛和牛の銘牛『千屋牛』と地元名産の完熟桃太郎トマトの深い味わいのカレー,オカヤマ　ワギュウカレー,岡山県,新見市,"小麦, 乳","牛肉, 大豆, 豚肉, りんご",本品製造ラインでは乳成分、小麦、落花生、えび、かに、牛肉、鶏肉、豚肉、ゼラチン、大豆、やまいも、バナナ、もも、ごま、りんご、いか、さけ、さばを含む製品を製造しています。,賞味期限,365,常温,,20,個,2,ケース,要相談,200ｇ,こだわり製法,,3営業日,,46f40ee0-5e7c-43ee-be33-09c0f150b91c,加工食品,レトルト・保存食,レトルトカレー,30数年前の農家さんの声から、もうひとつの挑戦が始まりました。「ブランド和牛肉を使えないかな」「味はいいのに、形が不ぞろいな桃太郎トマトをどうにかしたい」その想いから、ブランド和牛肉×ブランド桃太郎トマトを組み合わせた「心あたたまる山里の味仕立て」の中辛カレーが誕生しました。当時としては珍しい“地元食材を使ったレトルトカレー”。試行錯誤を重ね、三段加熱製法により、和牛の旨みとトマトの甘酸っぱさを絶妙なバランスで引き出しています。「手軽に本格的な味が楽しめる」と好評をいただき、年間販売数は5万個を超えるロングラン商品となりました。ただし、千屋牛の頭数が限られているため、生産は限定数量。だからこそ味わえる、特別な一皿です。,,,,,,,,相談可,,,,手軽な一品として食卓に、家族や大切な方への送りものにおいしくてちょっとイイモノを送りたいときにぴったりです。,,,,（株）哲多すずらん食品加工,info@t-suzuran.com,TRUE,,,
玉ねぎせんべい,玉ねぎせんべい,加工食品,菓子,,750,published,"ＪＡきたみらいの『玉ねぎ』の旨味と香りが凝縮されたせんべいです。袋を空けた瞬間の玉ねぎの香り、玉ねぎの旨味・たれの甘みを楽しんで下さい。
よく噛んでお召し上がりいただき、玉ねぎの風味を存分に楽しんでください。",,,生産量日本一のJAきたみらい産「玉ねぎ」を気軽に食べやすいせんべいにしました。,タマネギセンベイ,北海道,北見市,"えび, かに, 小麦, 乳","大豆, 鶏肉",,賞味期限,210,常温,4.5604E+12,30,箱,2,ケース,対応可能,"2枚×5袋
（130g）",着色料不使用/保存料不使用/国産原料/ギフト対応/まとめ買い対応,,2～5営業日,,5cc285ee-f886-40a8-897c-f1526a6f5dc8,加工食品,菓子,油菓子（せんべい）,"生ではなかなか食べることのできない「玉ねぎ」を気軽に召し上がっていただこうと誕生した商品です。
同じオホーツク管内の小清水町で製造されております。
玉ねぎの香ばしさを最大限引き出すため、焦げてしまうギリギリまで加熱しています。",おみやげ物、お酒のおつまみ、子供にも,,,51.5,28.7,30.8,5.4,相談可,小売用,他社サイト,通年,全国の百貨店・スーパーでの北海道フェアなどで採用実績多数。北海道らしさを感じられる商品でおみやげ物店、駅・空港の売店などにぜひおすすめください。,,,,きたみらい農業協同組合,takuro.yaegashi@kitamirai.ja-hokkaido.gr.jp,TRUE,日本,直接入力,
玉ねぎと鶏もも肉の黒カレー,玉ねぎと鶏もも肉の黒カレー,加工食品,レトルト・保存食,,600,published,"ＪＡきたみらいの玉ねぎとデミグラスソースを合わせた濃厚な黒カレーです。
　じっくり炒めた『玉ねぎ』のコクと旨味が濃厚なルウに溶け込み、柔らかく煮込んだプリプリの鶏もも肉がゴロゴロ入って食べごたえのあるスパイシーなカレーに仕上げました。",30,,北海道JAきたみらい産の「玉ねぎ」,タマネギトトリモモニクノクロカレー,北海道,北見市,"小麦, 乳","牛肉, ごま, 大豆, 鶏肉, 豚肉, りんご",,賞味期限,730,常温,4.5604E+12,30,箱,2,ケース,要相談,180g,着色料不使用/保存料不使用/国産原料/ギフト対応/まとめ買い対応,,2〜5営業日,,5cc285ee-f886-40a8-897c-f1526a6f5dc8,加工食品,レトルト・保存食,レトルトカレー,じっくり炒めることで甘味・旨味の増した「玉ねぎ」と、デミグラスソースが濃厚なルウに溶け込んだスパイシーな黒カレーです。柔らかく煮込んだ鶏もも肉がゴロゴロ入って食べごたえがあります。,,,,27.5,40,19.5,7.5,相談可,小売用,他社サイト,通年,"生産量日本一を誇るJAきたみらい産「玉ねぎ」をたっぷり使用しております。
他の2つのレトルトカレーと合わせ、棚に並べていただければと思います。
ギフト箱のご用意もございますので、ギフトセットでの販売も可能です。",,,,きたみらい農業協同組合,takuro.yaegashi@kitamirai.ja-hokkaido.gr.jp,TRUE,日本,直接入力,
岩国海軍飛行艇カレー 3個セット,岩国海軍飛行艇カレー-3個セット,加工食品,レトルト・保存食,,1510,published,世界で唯一、救難飛行艇「US-2」を有する海上自衛隊岩国航空基地で発案されたご当地カレーです。,27,https://drive.google.com/file/d/1ep89WlSwRynW8i6FmUPptTtGPJKBYiBx/view?usp=drive_link;https://drive.google.com/file/d/1NGbG9G41METBWKr5n_dU8jNU-F4L2qAz/view?usp=drive_link;https://drive.google.com/file/d/1KzvA2yXxgZviQZ5PT4A6khfttZMRgF8b/view?usp=drive_link,岩国海軍飛行艇カレーの３個セット、価格帯・内容の充実など、お土産等に最適です。,イワクニカイグンヒコウテイカレー３コセット,山口県,岩国市,乳,"牛肉, 豚肉, りんご, ゼラチン",,賞味期限,730,常温,4.57137E+12,6,個,1,セット,対応可能,200ｇｘ６個,,,３営業日,,4c1b8d31-8502-481e-b5fc-7f885fd586bc,加工食品,レトルト・保存食,カレー,"岩国海軍飛行艇カレー商品化までの経緯		
		
2009	春	自衛隊基地内（当時体育館）での「観桜会」において、自衛隊員の皆様が屋台形式で出店し、その中で「れんこんカレー」が振る舞われました。当時の大谷群司令が「日本全国に自衛隊の基地があるが、どこにもご当地カレーがあります。是非これを参考に、岩国でもご当地カレーを誕生させてください」とあいさつの中で述べられました。
		
～2009	末	岩国商工会議所青年部と海上自衛隊岩国航空基地が共に、錦帯橋まつり、錦川水の祭典、岩国祭りなどのイベントで「岩国海軍カレー」として、市民にご当地カレーを提供し、ご当地カレーの浸透を試みる。
		同時に、ご当地カレーの生産販売者を探す。
		しかし、業者がなかなか現れない。
		
2010	１月	当時、青年部の会長であった私が、「このままでは自衛隊の方々に申し訳が立たない」と反省し、自ら生産販売に取り組むことを決断する。
	１月末	自衛隊の管理幕僚から、「鹿児島でご当地カレーを数年前から販売している坪水さん（当時、鹿屋商工会議所会頭）という方がいるから会ってみないか？」とお声かけいただき、広報室長・管理幕僚と共に鹿屋へ視察に行く。
		
	２月	岩国商工会議所へ、青年部会長自ら「誰も手を挙げないなら自分が販売開発する」と公言する。
	想い	・岩国の新しいお土産になれば。
		・弐式大艇の意をくみ、世界で唯一岩国に配備されている「救難飛行艇ＵＳ－２」を市民を初め多くの方に知っていただきたい。
		・やるからには「地域エゴ」と言われようとも、可能な限り地元岩国の業者で。
	2月中	自衛隊の方が「岩国海軍飛行艇カレー」と命名してくれる。
		
	２月末	商工会議所が、「せっかくなら横須賀のようなカレーの街にしてみようじゃないか」という提案で、市民に「岩国海軍飛行艇カレ」を製造販売してみませんか？」と業者を公募。
		
	３月初め	・岩国にレトルトカレーを製造している業者がなく困っていたが、丸兼食品の社長（当時岩国中央ＲＣの大先輩）に、想いを語ったところ「よし、やってみよう」とご決断いただいた。
	２～４月	・自衛隊の方に試作品を試食いただき５度目で初めてＯＫをいただく。
		
	５月	平清・まちづくり岩国・錦メンテナンスの3業者が、各々のパッケージ・味を開発し
		販売を開始。
		□まちづくり岩国は、新明和及び自衛隊の協力でパッケージの写真を決定。
		□錦メンテナンスは、鹿屋航空基地の二式大艇の写真に決定。
		
2012	６月	パッケージをリニューアル＆マイルド・スパイシー・プレミアムの3種類を販売開始。
		・自衛隊の方が撮影した海上から飛び立つ正面からの写真をご提供いただき、パッケージの写真に採用。
		
2022	１月	錦メンテナンス：パッケージのリニューアルを検討。
		
",ギフトに最適,https://drive.google.com/file/d/1nYrjc2MDO2xEWHx6uvWXHKU7Ouc7iZ9o/view?usp=drive_link,,18.5,27,7.5,1.2,相談可,小売・業務用,他社サイト,通年,3個セットにすることによって、お土産としての価値を高めました。,,,,株式会社錦メンテナンス,info@nishiki-maintenance.co.jp,TRUE,日本,直接入力,
ピンクわさび　華貴婦人　18g,ピンクわさび-華貴婦人-18g,加工食品,調味料,,1080,published,鳥取県産『ビーツ』を使用したわさびです。かわいいピンク色の粉わさびで、味はまさしくわさびの味です。食卓に華を添え、料理の幅も広がります。　目で楽しみ、味も堪能していただけます。　　　　　　　　　　　　　　　　　　　　　　　　　　　　　　　　　　　　　お寿司やお刺身はもちろん、サラダやドレッシングに加えてみたり、ピンク醤油と合わせたりとアレンジ次第でお楽しみいただけます。,23,https://drive.google.com/file/d/1m8Xvpl-vIW2ddSNPmQUP1rEsSFXLx_jv/view?usp=drive_link;https://drive.google.com/file/d/1yDItWu3NTDFHaQdcWxckuL4-zkfBapt_/view?usp=drive_link,見た目は鮮やか㋐ピンク色をしていますが、味は本格的に仕上げています。一口お召し上がりいただいた時に、見た目と味のギャップに驚かれること間違いありません。,ピンクワサビ　ハナキフジン　18グラム,東京都,青梅市,,,,賞味期限,730,常温,4.56224E+12,34,個,34,個,対応可能,18ｇ/箱,国産原料/こだわり製法/職人仕上げ,,５営業日,,172d5f7e-15ec-4951-9de9-9d5e138cacfb,加工食品,調味料,わさび,鳥取県産『ビーツ』を使用したわさびです。かわいいピンク色の粉わさびで、味はまさしくわさびの味です。食卓に華を添え、料理の幅も広がります。　目で楽しみ、味も堪能していただけます。,お寿司やお刺身はもちろん、サラダやドレッシングに加えてみたり、ピンク醤油と合わせたりとアレンジ次第でお楽しみいただけます。贈り物に最適です。,https://drive.google.com/file/d/1scuaWE2HNLVm6nTS6QNe-FDIa19EacCA/view?usp=drive_link,,,,,,相談可,,自社サイト,通年,見た目は鮮やか㋐ピンク色をしていますが、味は本格的に仕上げています。一口お召し上がりいただいた時に、見た目と味のギャップに驚かれること間違いありません。,,,,ブリリアントアソシエイツ株式会社,info@ba-tottori.com,TRUE,日本,直接入力,
